condition,n,accuracy,ci_lo,ci_hi
L1EN,6,0.3333333333333333,0.0,0.6666666666666666
L2MR,6,0.0,0.0,0.0
L3HINGLISH,6,0.0,0.0,0.0
CSMIXED,6,0.0,0.0,0.0
